{
    "Fairyvmos/BlankTMing": "Encrypted",
    "sean-who/ManifestAutoUpdate": "Encrypted",
    "Fallonma/ManifestAutoUpdate_btm": "Encrypted",
    "SteamAutoCracks/ManifestHub": "Decrypted",
    "ManifestHub/ManifestHub": "Decrypted",
    "ikun0014/ManifestHub": "Decrypted",
    "Auiowu/ManifestAutoUpdate": "Decrypted",
    "tymolu233/ManifestAutoUpdate": "Decrypted",
    "luomojim/ManifestAutoUpdate": "Decrypted",
    "hansaes/ManifestAutoUpdate": "Decrypted",
    "nekoaday/ManifestAutoUpdate": "Encrypted",
    "MineRPG/ManifestAutoUpdate": "Decrypted",
    "bingyu50/SteamManifestCache": "Decrypted",
    "bingyu50/ManifestAutoUpdate": "Decrypted",
    "TOP-01/ManifestAutoUpdate": "Decrypted",
    "TOP-01/SteamManifestCache": "Decrypted",
    "nekoaday/ManifestAutoUpdate_again": "Encrypted",
    "Scropiouos/ManifestAutoUpdate_backup": "Decrypted",
    "Scropiouos/SteamManifestCache_backup": "Decrypted",
    "Scropiouos/ManifestAutoUpdate_PrivateBackUp": "Encrypted",
    "ltsj/ManifestAutoUpdate": "Decrypted",
    "1271620983/ManifestAutoUpdate": "Decrypted",
    "crazzzzzysnail/ManifestAutoUpdate_fork": "Decrypted",
    "bluesxu/ManifestAutoUpdate": "Decrypted"
}